Title,Description,Tags,Image_Path,Price,AI_Disclosure,Tier,Aesthetic_Score
"Minimalist Luxury backyard fire pit with curved seating, warm ambient l Art Print — Aesthetic Digital Download","Elevate your space with this Luxury backyard fire pit with curved seating, warm ambient l wall art piece. Perfect for a neutral, minimalist gallery wall. High-resolution digital download — print at home or at a local print shop. Created with the assistance of AI tools, then curated and quality-checked by hand. Digital download — no physical item shipped.","minimalist, aesthetic, wall art, digital download, modern decor, abstract print",https://raw.githubusercontent.com/nguyenhailong253/ai-art-gallery/master/shop/2026-07-14/Luxury_backyard_fire_pit_with_curved_seating%2C_warm_ambient_lighting%2C_landscaped__mockup.jpg,15.00,"Created with the assistance of AI tools, then curated and quality-checked by hand. Digital download — no physical item shipped.",curated,9.94
Minimalist four different pictures with statues and water in the middle Art Print — Aesthetic Digital Download,"Elevate your space with this four different pictures with statues and water in the middle wall art piece. Perfect for a neutral, minimalist gallery wall. High-resolution digital download — print at home or at a local print shop. Created with the assistance of AI tools, then curated and quality-checked by hand. Digital download — no physical item shipped.","minimalist, aesthetic, wall art, digital download, modern decor, abstract print",https://raw.githubusercontent.com/nguyenhailong253/ai-art-gallery/master/shop/2026-06-27/four_different_pictures_with_statues_and_water_in_the_middle_one_has_a_vase_on_i_mockup.jpg,15.00,"Created with the assistance of AI tools, then curated and quality-checked by hand. Digital download — no physical item shipped.",curated,9.79
Minimalist You'll love this Thai chicken curry with coconut milk! Not o Art Print — Aesthetic Digital Download,"Elevate your space with this You'll love this Thai chicken curry with coconut milk! Not o wall art piece. Perfect for a neutral, minimalist gallery wall. High-resolution digital download — print at home or at a local print shop. Created with the assistance of AI tools, then curated and quality-checked by hand. Digital download — no physical item shipped.","minimalist, aesthetic, wall art, digital download, modern decor, abstract print",https://raw.githubusercontent.com/nguyenhailong253/ai-art-gallery/master/shop/2026-07-17/You%27ll_love_this_Thai_chicken_curry_with_coconut_milk%21_Not_only_is_this_homemade_mockup.jpg,15.00,"Created with the assistance of AI tools, then curated and quality-checked by hand. Digital download — no physical item shipped.",curated,9.77
Minimalist an oil painting of ballet dancers in front of a mirror with  Art Print — Aesthetic Digital Download,"Elevate your space with this an oil painting of ballet dancers in front of a mirror with  wall art piece. Perfect for a neutral, minimalist gallery wall. High-resolution digital download — print at home or at a local print shop. Created with the assistance of AI tools, then curated and quality-checked by hand. Digital download — no physical item shipped.","minimalist, aesthetic, wall art, digital download, modern decor, abstract print",https://raw.githubusercontent.com/nguyenhailong253/ai-art-gallery/master/shop/2026-07-19/an_oil_painting_of_ballet_dancers_in_front_of_a_mirror_with_their_backs_turned_t_mockup.jpg,15.00,"Created with the assistance of AI tools, then curated and quality-checked by hand. Digital download — no physical item shipped.",curated,9.77
"Minimalist A stroke of light for the eyes—this long-wear, multichrome l Art Print — Aesthetic Digital Download","Elevate your space with this A stroke of light for the eyes—this long-wear, multichrome l wall art piece. Perfect for a neutral, minimalist gallery wall. High-resolution digital download — print at home or at a local print shop. Created with the assistance of AI tools, then curated and quality-checked by hand. Digital download — no physical item shipped.","minimalist, aesthetic, wall art, digital download, modern decor, abstract print",https://raw.githubusercontent.com/nguyenhailong253/ai-art-gallery/master/shop/2026-06-24/A_stroke_of_light_for_the_eyes%E2%80%94this_long-wear%2C_multichrome_liquid_eyeliner_featu_mockup.jpg,15.00,"Created with the assistance of AI tools, then curated and quality-checked by hand. Digital download — no physical item shipped.",curated,9.28
"Minimalist Butterfly Makeup, Pride Makeup, Face Art Makeup, Rave Makeup Art Print — Aesthetic Digital Download","Elevate your space with this Butterfly Makeup, Pride Makeup, Face Art Makeup, Rave Makeup wall art piece. Perfect for a neutral, minimalist gallery wall. High-resolution digital download — print at home or at a local print shop. Created with the assistance of AI tools, then curated and quality-checked by hand. Digital download — no physical item shipped.","minimalist, aesthetic, wall art, digital download, modern decor, abstract print",https://raw.githubusercontent.com/nguyenhailong253/ai-art-gallery/master/shop/2026-06-29/Butterfly_Makeup%2C_Pride_Makeup%2C_Face_Art_Makeup%2C_Rave_Makeup%2C_Eye_Makeup_Picture_mockup.jpg,15.00,"Created with the assistance of AI tools, then curated and quality-checked by hand. Digital download — no physical item shipped.",curated,9.16
Minimalist two bowls filled with chicken noodle soup next to carrots Art Print — Aesthetic Digital Download,"Elevate your space with this two bowls filled with chicken noodle soup next to carrots wall art piece. Perfect for a neutral, minimalist gallery wall. High-resolution digital download — print at home or at a local print shop. Created with the assistance of AI tools, then curated and quality-checked by hand. Digital download — no physical item shipped.","minimalist, aesthetic, wall art, digital download, modern decor, abstract print",https://raw.githubusercontent.com/nguyenhailong253/ai-art-gallery/master/shop/2026-06-19/two_bowls_filled_with_chicken_noodle_soup_next_to_carrots_mockup.jpg,15.00,"Created with the assistance of AI tools, then curated and quality-checked by hand. Digital download — no physical item shipped.",curated,9.11
Minimalist two_white_bowls_filled_with_chicken_soup_on_top_of_a_table.p Art Print — Aesthetic Digital Download,"Elevate your space with this two_white_bowls_filled_with_chicken_soup_on_top_of_a_table.p wall art piece. Perfect for a neutral, minimalist gallery wall. High-resolution digital download — print at home or at a local print shop. Created with the assistance of AI tools, then curated and quality-checked by hand. Digital download — no physical item shipped.","minimalist, aesthetic, wall art, digital download, modern decor, abstract print",https://raw.githubusercontent.com/nguyenhailong253/ai-art-gallery/master/shop/2026-06-18/two_white_bowls_filled_with_chicken_soup_on_top_of_a_table_mockup.jpg,15.00,"Created with the assistance of AI tools, then curated and quality-checked by hand. Digital download — no physical item shipped.",curated,8.85
Minimalist two_bowls_filled_with_chicken_soup_on_top_of_a_blue_and_whit Art Print — Aesthetic Digital Download,"Elevate your space with this two_bowls_filled_with_chicken_soup_on_top_of_a_blue_and_whit wall art piece. Perfect for a neutral, minimalist gallery wall. High-resolution digital download — print at home or at a local print shop. Created with the assistance of AI tools, then curated and quality-checked by hand. Digital download — no physical item shipped.","minimalist, aesthetic, wall art, digital download, modern decor, abstract print",https://raw.githubusercontent.com/nguyenhailong253/ai-art-gallery/master/shop/2026-06-18/two_bowls_filled_with_chicken_soup_on_top_of_a_blue_and_white_table_cloth_next_t_mockup.jpg,15.00,"Created with the assistance of AI tools, then curated and quality-checked by hand. Digital download — no physical item shipped.",curated,8.84
"Minimalist a_bathroom_with_two_sinks_and_a_bathtub_in_the_middle,_along Art Print — Aesthetic Digital Download","Elevate your space with this a_bathroom_with_two_sinks_and_a_bathtub_in_the_middle,_along wall art piece. Perfect for a neutral, minimalist gallery wall. High-resolution digital download — print at home or at a local print shop. Created with the assistance of AI tools, then curated and quality-checked by hand. Digital download — no physical item shipped.","minimalist, aesthetic, wall art, digital download, modern decor, abstract print",https://raw.githubusercontent.com/nguyenhailong253/ai-art-gallery/master/shop/2026-06-18/a_bathroom_with_two_sinks_and_a_bathtub_in_the_middle%2C_along_with_a_large_mirror_mockup.jpg,15.00,"Created with the assistance of AI tools, then curated and quality-checked by hand. Digital download — no physical item shipped.",curated,8.76
"Minimalist Butterfly Makeup, Pride Makeup, Face Art Makeup, Rave Makeup Art Print — Aesthetic Digital Download","Elevate your space with this Butterfly Makeup, Pride Makeup, Face Art Makeup, Rave Makeup wall art piece. Perfect for a neutral, minimalist gallery wall. High-resolution digital download — print at home or at a local print shop. Created with the assistance of AI tools, then curated and quality-checked by hand. Digital download — no physical item shipped.","minimalist, aesthetic, wall art, digital download, modern decor, abstract print",https://raw.githubusercontent.com/nguyenhailong253/ai-art-gallery/master/shop/2026-06-28/Butterfly_Makeup%2C_Pride_Makeup%2C_Face_Art_Makeup%2C_Rave_Makeup%2C_Eye_Makeup_Picture_mockup.jpg,15.00,"Created with the assistance of AI tools, then curated and quality-checked by hand. Digital download — no physical item shipped.",curated,8.76
Minimalist Luxury_Entryway_Ideas_for_a_Beautiful_First_Impression_-_Min Art Print — Aesthetic Digital Download,"Elevate your space with this Luxury_Entryway_Ideas_for_a_Beautiful_First_Impression_-_Min wall art piece. Perfect for a neutral, minimalist gallery wall. High-resolution digital download — print at home or at a local print shop. Created with the assistance of AI tools, then curated and quality-checked by hand. Digital download — no physical item shipped.","minimalist, aesthetic, wall art, digital download, modern decor, abstract print",https://raw.githubusercontent.com/nguyenhailong253/ai-art-gallery/master/shop/2026-06-18/Luxury_Entryway_Ideas_for_a_Beautiful_First_Impression_-_Minimalist_Home_Decor_I_mockup.jpg,15.00,"Created with the assistance of AI tools, then curated and quality-checked by hand. Digital download — no physical item shipped.",curated,8.7
Minimalist an abstract painting with waves and mountains in the backgro Art Print — Aesthetic Digital Download,"Elevate your space with this an abstract painting with waves and mountains in the backgro wall art piece. Perfect for a neutral, minimalist gallery wall. High-resolution digital download — print at home or at a local print shop. Created with the assistance of AI tools, then curated and quality-checked by hand. Digital download — no physical item shipped.","minimalist, aesthetic, wall art, digital download, modern decor, abstract print",https://raw.githubusercontent.com/nguyenhailong253/ai-art-gallery/master/shop/2026-07-15/an_abstract_painting_with_waves_and_mountains_in_the_background_mockup.jpg,15.00,"Created with the assistance of AI tools, then curated and quality-checked by hand. Digital download — no physical item shipped.",curated,8.51
Minimalist This contains an image of: Art Print — Aesthetic Digital Download,"Elevate your space with this This contains an image of: wall art piece. Perfect for a neutral, minimalist gallery wall. High-resolution digital download — print at home or at a local print shop. Created with the assistance of AI tools, then curated and quality-checked by hand. Digital download — no physical item shipped.","minimalist, aesthetic, wall art, digital download, modern decor, abstract print",https://raw.githubusercontent.com/nguyenhailong253/ai-art-gallery/master/shop/2026-07-09/This_contains_an_image_of%3A_mockup.jpg,15.00,"Created with the assistance of AI tools, then curated and quality-checked by hand. Digital download — no physical item shipped.",curated,8.22
"Minimalist Chicken Enchilada soup with beans, corn, and chunks of chick Art Print — Aesthetic Digital Download","Elevate your space with this Chicken Enchilada soup with beans, corn, and chunks of chick wall art piece. Perfect for a neutral, minimalist gallery wall. High-resolution digital download — print at home or at a local print shop. Created with the assistance of AI tools, then curated and quality-checked by hand. Digital download — no physical item shipped.","minimalist, aesthetic, wall art, digital download, modern decor, abstract print",https://raw.githubusercontent.com/nguyenhailong253/ai-art-gallery/master/shop/2026-06-22/Chicken_Enchilada_soup_with_beans%2C_corn%2C_and_chunks_of_chicken_in_a_red_broth_mockup.jpg,15.00,"Created with the assistance of AI tools, then curated and quality-checked by hand. Digital download — no physical item shipped.",curated,8.2
Minimalist an info sheet with different types of furniture and decor on Art Print — Aesthetic Digital Download,"Elevate your space with this an info sheet with different types of furniture and decor on wall art piece. Perfect for a neutral, minimalist gallery wall. High-resolution digital download — print at home or at a local print shop. Created with the assistance of AI tools, then curated and quality-checked by hand. Digital download — no physical item shipped.","minimalist, aesthetic, wall art, digital download, modern decor, abstract print",https://raw.githubusercontent.com/nguyenhailong253/ai-art-gallery/master/shop/2026-06-26/an_info_sheet_with_different_types_of_furniture_and_decor_on_it%2C_including_couch_mockup.jpg,15.00,"Created with the assistance of AI tools, then curated and quality-checked by hand. Digital download — no physical item shipped.",curated,8.18
Minimalist Matcha Matcha Latte Art Cute Kawaii Aesthetic Art Print — Aesthetic Digital Download,"Elevate your space with this Matcha Matcha Latte Art Cute Kawaii Aesthetic wall art piece. Perfect for a neutral, minimalist gallery wall. High-resolution digital download — print at home or at a local print shop. Created with the assistance of AI tools, then curated and quality-checked by hand. Digital download — no physical item shipped.","minimalist, aesthetic, wall art, digital download, modern decor, abstract print",https://raw.githubusercontent.com/nguyenhailong253/ai-art-gallery/master/shop/2026-06-30/Matcha_Matcha_Latte_Art_Cute_Kawaii_Aesthetic_mockup.jpg,15.00,"Created with the assistance of AI tools, then curated and quality-checked by hand. Digital download — no physical item shipped.",curated,7.98
"Minimalist Discover the timeless beauty of Greece, white-washed villas, Art Print — Aesthetic Digital Download","Elevate your space with this Discover the timeless beauty of Greece, white-washed villas, wall art piece. Perfect for a neutral, minimalist gallery wall. High-resolution digital download — print at home or at a local print shop. Created with the assistance of AI tools, then curated and quality-checked by hand. Digital download — no physical item shipped.","minimalist, aesthetic, wall art, digital download, modern decor, abstract print",https://raw.githubusercontent.com/nguyenhailong253/ai-art-gallery/master/shop/2026-06-25/Discover_the_timeless_beauty_of_Greece%2C_white-washed_villas%2C_traditional_stone_p_mockup.jpg,15.00,"Created with the assistance of AI tools, then curated and quality-checked by hand. Digital download — no physical item shipped.",curated,7.96
Minimalist #moodboard #mood #мудборд #дизайнногтей #nails #manicure #ма Art Print — Aesthetic Digital Download,"Elevate your space with this #moodboard #mood #мудборд #дизайнногтей #nails #manicure #ма wall art piece. Perfect for a neutral, minimalist gallery wall. High-resolution digital download — print at home or at a local print shop. Created with the assistance of AI tools, then curated and quality-checked by hand. Digital download — no physical item shipped.","minimalist, aesthetic, wall art, digital download, modern decor, abstract print",https://raw.githubusercontent.com/nguyenhailong253/ai-art-gallery/master/shop/2026-07-03/_moodboard__mood__%D0%BC%D1%83%D0%B4%D0%B1%D0%BE%D1%80%D0%B4__%D0%B4%D0%B8%D0%B7%D0%B0%D0%B9%D0%BD%D0%BD%D0%BE%D0%B3%D1%82%D0%B5%D0%B9__nails__manicure__%D0%BC%D0%B0%D0%BD%D0%B8%D0%BA%D1%8E%D1%80_Mood_Board_For_mockup.jpg,15.00,"Created with the assistance of AI tools, then curated and quality-checked by hand. Digital download — no physical item shipped.",curated,7.78
"Minimalist From black chrome to messy punk details, these edgy nails gr Art Print — Aesthetic Digital Download","Elevate your space with this From black chrome to messy punk details, these edgy nails gr wall art piece. Perfect for a neutral, minimalist gallery wall. High-resolution digital download — print at home or at a local print shop. Created with the assistance of AI tools, then curated and quality-checked by hand. Digital download — no physical item shipped.","minimalist, aesthetic, wall art, digital download, modern decor, abstract print",https://raw.githubusercontent.com/nguyenhailong253/ai-art-gallery/master/shop/2026-07-05/From_black_chrome_to_messy_punk_details%2C_these_edgy_nails_grunge_ideas_are_every_mockup.jpg,15.00,"Created with the assistance of AI tools, then curated and quality-checked by hand. Digital download — no physical item shipped.",curated,7.65
Minimalist a person reaching for something in the water with their hand Art Print — Aesthetic Digital Download,"Elevate your space with this a person reaching for something in the water with their hand wall art piece. Perfect for a neutral, minimalist gallery wall. High-resolution digital download — print at home or at a local print shop. Created with the assistance of AI tools, then curated and quality-checked by hand. Digital download — no physical item shipped.","minimalist, aesthetic, wall art, digital download, modern decor, abstract print",https://raw.githubusercontent.com/nguyenhailong253/ai-art-gallery/master/shop/2026-07-08/a_person_reaching_for_something_in_the_water_with_their_hand_on_top_of_some_rock_mockup.jpg,15.00,"Created with the assistance of AI tools, then curated and quality-checked by hand. Digital download — no physical item shipped.",curated,7.65
Minimalist three girls with their faces painted in different colors Art Print — Aesthetic Digital Download,"Elevate your space with this three girls with their faces painted in different colors wall art piece. Perfect for a neutral, minimalist gallery wall. High-resolution digital download — print at home or at a local print shop. Created with the assistance of AI tools, then curated and quality-checked by hand. Digital download — no physical item shipped.","minimalist, aesthetic, wall art, digital download, modern decor, abstract print",https://raw.githubusercontent.com/nguyenhailong253/ai-art-gallery/master/shop/2026-07-14/three_girls_with_their_faces_painted_in_different_colors_mockup.jpg,15.00,"Created with the assistance of AI tools, then curated and quality-checked by hand. Digital download — no physical item shipped.",curated,7.63
Minimalist This may contain: an ocean view with the words pov you're an Art Print — Aesthetic Digital Download,"Elevate your space with this This may contain: an ocean view with the words pov you're an wall art piece. Perfect for a neutral, minimalist gallery wall. High-resolution digital download — print at home or at a local print shop. Created with the assistance of AI tools, then curated and quality-checked by hand. Digital download — no physical item shipped.","minimalist, aesthetic, wall art, digital download, modern decor, abstract print",https://raw.githubusercontent.com/nguyenhailong253/ai-art-gallery/master/shop/2026-07-11/This_may_contain%3A_an_ocean_view_with_the_words_pov_you%27re_an_ocean_lover_mockup.jpg,15.00,"Created with the assistance of AI tools, then curated and quality-checked by hand. Digital download — no physical item shipped.",curated,7.6
Minimalist a man is floating in the water with his arm around his neck  Art Print — Aesthetic Digital Download,"Elevate your space with this a man is floating in the water with his arm around his neck  wall art piece. Perfect for a neutral, minimalist gallery wall. High-resolution digital download — print at home or at a local print shop. Created with the assistance of AI tools, then curated and quality-checked by hand. Digital download — no physical item shipped.","minimalist, aesthetic, wall art, digital download, modern decor, abstract print",https://raw.githubusercontent.com/nguyenhailong253/ai-art-gallery/master/shop/2026-07-15/a_man_is_floating_in_the_water_with_his_arm_around_his_neck_and_wearing_a_white__mockup.jpg,15.00,"Created with the assistance of AI tools, then curated and quality-checked by hand. Digital download — no physical item shipped.",curated,7.54
Minimalist Winter hair inspo has entered the chat! ❄️✨ Swipe for styles Art Print — Aesthetic Digital Download,"Elevate your space with this Winter hair inspo has entered the chat! ❄️✨ Swipe for styles wall art piece. Perfect for a neutral, minimalist gallery wall. High-resolution digital download — print at home or at a local print shop. Created with the assistance of AI tools, then curated and quality-checked by hand. Digital download — no physical item shipped.","minimalist, aesthetic, wall art, digital download, modern decor, abstract print",https://raw.githubusercontent.com/nguyenhailong253/ai-art-gallery/master/shop/2026-07-11/Winter_hair_inspo_has_entered_the_chat%21_%E2%9D%84%EF%B8%8F%E2%9C%A8_Swipe_for_styles_that%E2%80%99ll_keep_you_lo_mockup.jpg,12.00,"Created with the assistance of AI tools, then curated and quality-checked by hand. Digital download — no physical item shipped.",standard,7.4
Minimalist a woman standing on top of a sandy beach next to the ocean w Art Print — Aesthetic Digital Download,"Elevate your space with this a woman standing on top of a sandy beach next to the ocean w wall art piece. Perfect for a neutral, minimalist gallery wall. High-resolution digital download — print at home or at a local print shop. Created with the assistance of AI tools, then curated and quality-checked by hand. Digital download — no physical item shipped.","minimalist, aesthetic, wall art, digital download, modern decor, abstract print",https://raw.githubusercontent.com/nguyenhailong253/ai-art-gallery/master/shop/2026-07-12/a_woman_standing_on_top_of_a_sandy_beach_next_to_the_ocean_with_her_arms_in_the__mockup.jpg,12.00,"Created with the assistance of AI tools, then curated and quality-checked by hand. Digital download — no physical item shipped.",standard,7.24
Minimalist This contains an image of: Art Print — Aesthetic Digital Download,"Elevate your space with this This contains an image of: wall art piece. Perfect for a neutral, minimalist gallery wall. High-resolution digital download — print at home or at a local print shop. Created with the assistance of AI tools, then curated and quality-checked by hand. Digital download — no physical item shipped.","minimalist, aesthetic, wall art, digital download, modern decor, abstract print",https://raw.githubusercontent.com/nguyenhailong253/ai-art-gallery/master/shop/2026-07-12/This_contains_an_image_of%3A_mockup.jpg,12.00,"Created with the assistance of AI tools, then curated and quality-checked by hand. Digital download — no physical item shipped.",standard,7.2
Minimalist an easel with a painting on it in the grass Art Print — Aesthetic Digital Download,"Elevate your space with this an easel with a painting on it in the grass wall art piece. Perfect for a neutral, minimalist gallery wall. High-resolution digital download — print at home or at a local print shop. Created with the assistance of AI tools, then curated and quality-checked by hand. Digital download — no physical item shipped.","minimalist, aesthetic, wall art, digital download, modern decor, abstract print",https://raw.githubusercontent.com/nguyenhailong253/ai-art-gallery/master/shop/2026-07-19/an_easel_with_a_painting_on_it_in_the_grass_mockup.jpg,12.00,"Created with the assistance of AI tools, then curated and quality-checked by hand. Digital download — no physical item shipped.",standard,7.18
Minimalist a painting of a man in a suit and tie reading a newspaper wi Art Print — Aesthetic Digital Download,"Elevate your space with this a painting of a man in a suit and tie reading a newspaper wi wall art piece. Perfect for a neutral, minimalist gallery wall. High-resolution digital download — print at home or at a local print shop. Created with the assistance of AI tools, then curated and quality-checked by hand. Digital download — no physical item shipped.","minimalist, aesthetic, wall art, digital download, modern decor, abstract print",https://raw.githubusercontent.com/nguyenhailong253/ai-art-gallery/master/shop/2026-07-14/a_painting_of_a_man_in_a_suit_and_tie_reading_a_newspaper_with_papers_scattered__mockup.jpg,12.00,"Created with the assistance of AI tools, then curated and quality-checked by hand. Digital download — no physical item shipped.",standard,7.14
"Minimalist Make Up Graphic, Makeup Graphic Liner, Eyeliner Looks Alt, E Art Print — Aesthetic Digital Download","Elevate your space with this Make Up Graphic, Makeup Graphic Liner, Eyeliner Looks Alt, E wall art piece. Perfect for a neutral, minimalist gallery wall. High-resolution digital download — print at home or at a local print shop. Created with the assistance of AI tools, then curated and quality-checked by hand. Digital download — no physical item shipped.","minimalist, aesthetic, wall art, digital download, modern decor, abstract print",https://raw.githubusercontent.com/nguyenhailong253/ai-art-gallery/master/shop/2026-06-27/Make_Up_Graphic%2C_Makeup_Graphic_Liner%2C_Eyeliner_Looks_Alt%2C_Eyeliner_Design%2C_Alt__mockup.jpg,12.00,"Created with the assistance of AI tools, then curated and quality-checked by hand. Digital download — no physical item shipped.",standard,7.13
Minimalist the words i'm just a pink girl written in pink on a pink bac Art Print — Aesthetic Digital Download,"Elevate your space with this the words i'm just a pink girl written in pink on a pink bac wall art piece. Perfect for a neutral, minimalist gallery wall. High-resolution digital download — print at home or at a local print shop. Created with the assistance of AI tools, then curated and quality-checked by hand. Digital download — no physical item shipped.","minimalist, aesthetic, wall art, digital download, modern decor, abstract print",https://raw.githubusercontent.com/nguyenhailong253/ai-art-gallery/master/shop/2026-07-04/the_words_i%27m_just_a_pink_girl_written_in_pink_on_a_pink_background_mockup.jpg,12.00,"Created with the assistance of AI tools, then curated and quality-checked by hand. Digital download — no physical item shipped.",standard,7.11
"Minimalist an advertisement for the celebration of naidoo week, with co Art Print — Aesthetic Digital Download","Elevate your space with this an advertisement for the celebration of naidoo week, with co wall art piece. Perfect for a neutral, minimalist gallery wall. High-resolution digital download — print at home or at a local print shop. Created with the assistance of AI tools, then curated and quality-checked by hand. Digital download — no physical item shipped.","minimalist, aesthetic, wall art, digital download, modern decor, abstract print",https://raw.githubusercontent.com/nguyenhailong253/ai-art-gallery/master/shop/2026-07-07/an_advertisement_for_the_celebration_of_naidoo_week%2C_with_colorful_flowers_and_l_mockup.jpg,12.00,"Created with the assistance of AI tools, then curated and quality-checked by hand. Digital download — no physical item shipped.",standard,7.07
Minimalist the glow up guide is shown with pink flowers and other thing Art Print — Aesthetic Digital Download,"Elevate your space with this the glow up guide is shown with pink flowers and other thing wall art piece. Perfect for a neutral, minimalist gallery wall. High-resolution digital download — print at home or at a local print shop. Created with the assistance of AI tools, then curated and quality-checked by hand. Digital download — no physical item shipped.","minimalist, aesthetic, wall art, digital download, modern decor, abstract print",https://raw.githubusercontent.com/nguyenhailong253/ai-art-gallery/master/shop/2026-06-19/the_glow_up_guide_is_shown_with_pink_flowers_and_other_things_to_use_on_it_mockup.jpg,12.00,"Created with the assistance of AI tools, then curated and quality-checked by hand. Digital download — no physical item shipped.",standard,7.06
Minimalist a white building with blue doors and steps Art Print — Aesthetic Digital Download,"Elevate your space with this a white building with blue doors and steps wall art piece. Perfect for a neutral, minimalist gallery wall. High-resolution digital download — print at home or at a local print shop. Created with the assistance of AI tools, then curated and quality-checked by hand. Digital download — no physical item shipped.","minimalist, aesthetic, wall art, digital download, modern decor, abstract print",https://raw.githubusercontent.com/nguyenhailong253/ai-art-gallery/master/shop/2026-06-24/a_white_building_with_blue_doors_and_steps_mockup.jpg,12.00,"Created with the assistance of AI tools, then curated and quality-checked by hand. Digital download — no physical item shipped.",standard,7.04
Minimalist an alley way with flowers growing over the doorways and door Art Print — Aesthetic Digital Download,"Elevate your space with this an alley way with flowers growing over the doorways and door wall art piece. Perfect for a neutral, minimalist gallery wall. High-resolution digital download — print at home or at a local print shop. Created with the assistance of AI tools, then curated and quality-checked by hand. Digital download — no physical item shipped.","minimalist, aesthetic, wall art, digital download, modern decor, abstract print",https://raw.githubusercontent.com/nguyenhailong253/ai-art-gallery/master/shop/2026-06-28/an_alley_way_with_flowers_growing_over_the_doorways_and_doors_on_either_side_of__mockup.jpg,12.00,"Created with the assistance of AI tools, then curated and quality-checked by hand. Digital download — no physical item shipped.",standard,7.04
"Minimalist Nails With Rings, Nail Rings, Anime Nails, Grunge Nails, Shi Art Print — Aesthetic Digital Download","Elevate your space with this Nails With Rings, Nail Rings, Anime Nails, Grunge Nails, Shi wall art piece. Perfect for a neutral, minimalist gallery wall. High-resolution digital download — print at home or at a local print shop. Created with the assistance of AI tools, then curated and quality-checked by hand. Digital download — no physical item shipped.","minimalist, aesthetic, wall art, digital download, modern decor, abstract print",https://raw.githubusercontent.com/nguyenhailong253/ai-art-gallery/master/shop/2026-06-30/Nails_With_Rings%2C_Nail_Rings%2C_Anime_Nails%2C_Grunge_Nails%2C_Shiny_Nails%2C_Y2k_Nails%2C_mockup.jpg,12.00,"Created with the assistance of AI tools, then curated and quality-checked by hand. Digital download — no physical item shipped.",standard,7.03
Minimalist a woman standing on top of a sandy beach next to the ocean w Art Print — Aesthetic Digital Download,"Elevate your space with this a woman standing on top of a sandy beach next to the ocean w wall art piece. Perfect for a neutral, minimalist gallery wall. High-resolution digital download — print at home or at a local print shop. Created with the assistance of AI tools, then curated and quality-checked by hand. Digital download — no physical item shipped.","minimalist, aesthetic, wall art, digital download, modern decor, abstract print",https://raw.githubusercontent.com/nguyenhailong253/ai-art-gallery/master/shop/2026-07-13/a_woman_standing_on_top_of_a_sandy_beach_next_to_the_ocean_with_her_arms_in_the__mockup.jpg,12.00,"Created with the assistance of AI tools, then curated and quality-checked by hand. Digital download — no physical item shipped.",standard,7.03
Minimalist Glow Up in 7 Days ✨ | Simple Beauty Tips Every Girl Needs 💖  Art Print — Aesthetic Digital Download,"Elevate your space with this Glow Up in 7 Days ✨ | Simple Beauty Tips Every Girl Needs 💖  wall art piece. Perfect for a neutral, minimalist gallery wall. High-resolution digital download — print at home or at a local print shop. Created with the assistance of AI tools, then curated and quality-checked by hand. Digital download — no physical item shipped.","minimalist, aesthetic, wall art, digital download, modern decor, abstract print",https://raw.githubusercontent.com/nguyenhailong253/ai-art-gallery/master/shop/2026-06-21/Glow_Up_in_7_Days_%E2%9C%A8_%7C_Simple_Beauty_Tips_Every_Girl_Needs_%F0%9F%92%96_%7C_healthy_habits_to__mockup.jpg,12.00,"Created with the assistance of AI tools, then curated and quality-checked by hand. Digital download — no physical item shipped.",standard,7.02
"Minimalist i'm my soft girl era logo in pink and white with the words,  Art Print — Aesthetic Digital Download","Elevate your space with this i'm my soft girl era logo in pink and white with the words,  wall art piece. Perfect for a neutral, minimalist gallery wall. High-resolution digital download — print at home or at a local print shop. Created with the assistance of AI tools, then curated and quality-checked by hand. Digital download — no physical item shipped.","minimalist, aesthetic, wall art, digital download, modern decor, abstract print",https://raw.githubusercontent.com/nguyenhailong253/ai-art-gallery/master/shop/2026-07-01/i%27m_my_soft_girl_era_logo_in_pink_and_white_with_the_words%2C_i%27m_my_soft_girl_era_mockup.jpg,12.00,"Created with the assistance of AI tools, then curated and quality-checked by hand. Digital download — no physical item shipped.",standard,7.02
Minimalist a room with some baskets and plates on the wall Art Print — Aesthetic Digital Download,"Elevate your space with this a room with some baskets and plates on the wall wall art piece. Perfect for a neutral, minimalist gallery wall. High-resolution digital download — print at home or at a local print shop. Created with the assistance of AI tools, then curated and quality-checked by hand. Digital download — no physical item shipped.","minimalist, aesthetic, wall art, digital download, modern decor, abstract print",https://raw.githubusercontent.com/nguyenhailong253/ai-art-gallery/master/shop/2026-06-25/a_room_with_some_baskets_and_plates_on_the_wall_mockup.jpg,12.00,"Created with the assistance of AI tools, then curated and quality-checked by hand. Digital download — no physical item shipped.",standard,7.01
Minimalist the back of a woman's shoulder is decorated with colorful fl Art Print — Aesthetic Digital Download,"Elevate your space with this the back of a woman's shoulder is decorated with colorful fl wall art piece. Perfect for a neutral, minimalist gallery wall. High-resolution digital download — print at home or at a local print shop. Created with the assistance of AI tools, then curated and quality-checked by hand. Digital download — no physical item shipped.","minimalist, aesthetic, wall art, digital download, modern decor, abstract print",https://raw.githubusercontent.com/nguyenhailong253/ai-art-gallery/master/shop/2026-06-26/the_back_of_a_woman%27s_shoulder_is_decorated_with_colorful_flowers_mockup.jpg,12.00,"Created with the assistance of AI tools, then curated and quality-checked by hand. Digital download — no physical item shipped.",standard,7.01
Minimalist pun asthetic cute pun Art Print — Aesthetic Digital Download,"Elevate your space with this pun asthetic cute pun wall art piece. Perfect for a neutral, minimalist gallery wall. High-resolution digital download — print at home or at a local print shop. Created with the assistance of AI tools, then curated and quality-checked by hand. Digital download — no physical item shipped.","minimalist, aesthetic, wall art, digital download, modern decor, abstract print",https://raw.githubusercontent.com/nguyenhailong253/ai-art-gallery/master/shop/2026-07-20/pun_asthetic_cute_pun_mockup.jpg,12.00,"Created with the assistance of AI tools, then curated and quality-checked by hand. Digital download — no physical item shipped.",standard,7.01
"Minimalist Boost circulation, exfoliate naturally, and support lymphati Art Print — Aesthetic Digital Download","Elevate your space with this Boost circulation, exfoliate naturally, and support lymphati wall art piece. Perfect for a neutral, minimalist gallery wall. High-resolution digital download — print at home or at a local print shop. Created with the assistance of AI tools, then curated and quality-checked by hand. Digital download — no physical item shipped.","minimalist, aesthetic, wall art, digital download, modern decor, abstract print",https://raw.githubusercontent.com/nguyenhailong253/ai-art-gallery/master/shop/2026-07-21/Boost_circulation%2C_exfoliate_naturally%2C_and_support_lymphatic_flow_with_this_sim_mockup.jpg,12.00,"Created with the assistance of AI tools, then curated and quality-checked by hand. Digital download — no physical item shipped.",standard,7.01
Minimalist a white building with blue doors and steps Art Print — Aesthetic Digital Download,"Elevate your space with this a white building with blue doors and steps wall art piece. Perfect for a neutral, minimalist gallery wall. High-resolution digital download — print at home or at a local print shop. Created with the assistance of AI tools, then curated and quality-checked by hand. Digital download — no physical item shipped.","minimalist, aesthetic, wall art, digital download, modern decor, abstract print",https://raw.githubusercontent.com/nguyenhailong253/ai-art-gallery/master/shop/2026-06-26/a_white_building_with_blue_doors_and_steps_mockup.jpg,12.00,"Created with the assistance of AI tools, then curated and quality-checked by hand. Digital download — no physical item shipped.",standard,7.0
"Minimalist Fake Nails Designs, Grunge Nails, Punk Nails, Cute Simple Na Art Print — Aesthetic Digital Download","Elevate your space with this Fake Nails Designs, Grunge Nails, Punk Nails, Cute Simple Na wall art piece. Perfect for a neutral, minimalist gallery wall. High-resolution digital download — print at home or at a local print shop. Created with the assistance of AI tools, then curated and quality-checked by hand. Digital download — no physical item shipped.","minimalist, aesthetic, wall art, digital download, modern decor, abstract print",https://raw.githubusercontent.com/nguyenhailong253/ai-art-gallery/master/shop/2026-07-02/Fake_Nails_Designs%2C_Grunge_Nails%2C_Punk_Nails%2C_Cute_Simple_Nails%2C_Pretty_Gel_Nail_mockup.jpg,12.00,"Created with the assistance of AI tools, then curated and quality-checked by hand. Digital download — no physical item shipped.",standard,7.0
Minimalist a piece of paper with a pink ribbon on it that reads dear fr Art Print — Aesthetic Digital Download,"Elevate your space with this a piece of paper with a pink ribbon on it that reads dear fr wall art piece. Perfect for a neutral, minimalist gallery wall. High-resolution digital download — print at home or at a local print shop. Created with the assistance of AI tools, then curated and quality-checked by hand. Digital download — no physical item shipped.","minimalist, aesthetic, wall art, digital download, modern decor, abstract print",https://raw.githubusercontent.com/nguyenhailong253/ai-art-gallery/master/shop/2026-07-17/a_piece_of_paper_with_a_pink_ribbon_on_it_that_reads_dear_friend%2C_just_a_little__mockup.jpg,12.00,"Created with the assistance of AI tools, then curated and quality-checked by hand. Digital download — no physical item shipped.",standard,7.0
Minimalist an alley way with flowers growing over the doorways and door Art Print — Aesthetic Digital Download,"Elevate your space with this an alley way with flowers growing over the doorways and door wall art piece. Perfect for a neutral, minimalist gallery wall. High-resolution digital download — print at home or at a local print shop. Created with the assistance of AI tools, then curated and quality-checked by hand. Digital download — no physical item shipped.","minimalist, aesthetic, wall art, digital download, modern decor, abstract print",https://raw.githubusercontent.com/nguyenhailong253/ai-art-gallery/master/shop/2026-06-29/an_alley_way_with_flowers_growing_over_the_doorways_and_doors_on_either_side_of__mockup.jpg,12.00,"Created with the assistance of AI tools, then curated and quality-checked by hand. Digital download — no physical item shipped.",standard,6.99
"Minimalist i'm my soft girl era logo in pink and white with the words,  Art Print — Aesthetic Digital Download","Elevate your space with this i'm my soft girl era logo in pink and white with the words,  wall art piece. Perfect for a neutral, minimalist gallery wall. High-resolution digital download — print at home or at a local print shop. Created with the assistance of AI tools, then curated and quality-checked by hand. Digital download — no physical item shipped.","minimalist, aesthetic, wall art, digital download, modern decor, abstract print",https://raw.githubusercontent.com/nguyenhailong253/ai-art-gallery/master/shop/2026-07-03/i%27m_my_soft_girl_era_logo_in_pink_and_white_with_the_words%2C_i%27m_my_soft_girl_era_mockup.jpg,12.00,"Created with the assistance of AI tools, then curated and quality-checked by hand. Digital download — no physical item shipped.",standard,6.99
Minimalist a person sitting at a table with a laptop and money in front Art Print — Aesthetic Digital Download,"Elevate your space with this a person sitting at a table with a laptop and money in front wall art piece. Perfect for a neutral, minimalist gallery wall. High-resolution digital download — print at home or at a local print shop. Created with the assistance of AI tools, then curated and quality-checked by hand. Digital download — no physical item shipped.","minimalist, aesthetic, wall art, digital download, modern decor, abstract print",https://raw.githubusercontent.com/nguyenhailong253/ai-art-gallery/master/shop/2026-06-22/a_person_sitting_at_a_table_with_a_laptop_and_money_in_front_of_them_that_reads__mockup.jpg,12.00,"Created with the assistance of AI tools, then curated and quality-checked by hand. Digital download — no physical item shipped.",standard,6.96
"Minimalist Pink Beauty, Ditzy Blonde, Aesthetic Girl Things, Girly Pics Art Print — Aesthetic Digital Download","Elevate your space with this Pink Beauty, Ditzy Blonde, Aesthetic Girl Things, Girly Pics wall art piece. Perfect for a neutral, minimalist gallery wall. High-resolution digital download — print at home or at a local print shop. Created with the assistance of AI tools, then curated and quality-checked by hand. Digital download — no physical item shipped.","minimalist, aesthetic, wall art, digital download, modern decor, abstract print",https://raw.githubusercontent.com/nguyenhailong253/ai-art-gallery/master/shop/2026-07-05/Pink_Beauty%2C_Ditzy_Blonde%2C_Aesthetic_Girl_Things%2C_Girly_Pics_Aesthetic%2C_Neat_Gir_mockup.jpg,12.00,"Created with the assistance of AI tools, then curated and quality-checked by hand. Digital download — no physical item shipped.",standard,6.96
Minimalist the ocean is full of different pictures and words Art Print — Aesthetic Digital Download,"Elevate your space with this the ocean is full of different pictures and words wall art piece. Perfect for a neutral, minimalist gallery wall. High-resolution digital download — print at home or at a local print shop. Created with the assistance of AI tools, then curated and quality-checked by hand. Digital download — no physical item shipped.","minimalist, aesthetic, wall art, digital download, modern decor, abstract print",https://raw.githubusercontent.com/nguyenhailong253/ai-art-gallery/master/shop/2026-07-07/the_ocean_is_full_of_different_pictures_and_words_mockup.jpg,12.00,"Created with the assistance of AI tools, then curated and quality-checked by hand. Digital download — no physical item shipped.",standard,6.91
"Minimalist i'm my soft girl era logo in pink and white with the words,  Art Print — Aesthetic Digital Download","Elevate your space with this i'm my soft girl era logo in pink and white with the words,  wall art piece. Perfect for a neutral, minimalist gallery wall. High-resolution digital download — print at home or at a local print shop. Created with the assistance of AI tools, then curated and quality-checked by hand. Digital download — no physical item shipped.","minimalist, aesthetic, wall art, digital download, modern decor, abstract print",https://raw.githubusercontent.com/nguyenhailong253/ai-art-gallery/master/shop/2026-07-02/i%27m_my_soft_girl_era_logo_in_pink_and_white_with_the_words%2C_i%27m_my_soft_girl_era_mockup.jpg,12.00,"Created with the assistance of AI tools, then curated and quality-checked by hand. Digital download — no physical item shipped.",standard,6.89
Minimalist Embrace effortless elegance with women’s hairstyles for wint Art Print — Aesthetic Digital Download,"Elevate your space with this Embrace effortless elegance with women’s hairstyles for wint wall art piece. Perfect for a neutral, minimalist gallery wall. High-resolution digital download — print at home or at a local print shop. Created with the assistance of AI tools, then curated and quality-checked by hand. Digital download — no physical item shipped.","minimalist, aesthetic, wall art, digital download, modern decor, abstract print",https://raw.githubusercontent.com/nguyenhailong253/ai-art-gallery/master/shop/2026-07-13/Embrace_effortless_elegance_with_women%E2%80%99s_hairstyles_for_winter_2025%E2%80%932026%21_This_c_mockup.jpg,12.00,"Created with the assistance of AI tools, then curated and quality-checked by hand. Digital download — no physical item shipped.",standard,6.87
Minimalist two grilled cheese sandwiches stacked on top of each other w Art Print — Aesthetic Digital Download,"Elevate your space with this two grilled cheese sandwiches stacked on top of each other w wall art piece. Perfect for a neutral, minimalist gallery wall. High-resolution digital download — print at home or at a local print shop. Created with the assistance of AI tools, then curated and quality-checked by hand. Digital download — no physical item shipped.","minimalist, aesthetic, wall art, digital download, modern decor, abstract print",https://raw.githubusercontent.com/nguyenhailong253/ai-art-gallery/master/shop/2026-06-24/two_grilled_cheese_sandwiches_stacked_on_top_of_each_other_with_text_overlay_rea_mockup.jpg,12.00,"Created with the assistance of AI tools, then curated and quality-checked by hand. Digital download — no physical item shipped.",standard,6.85
Minimalist the new york press magazine cover features a woman's legs in Art Print — Aesthetic Digital Download,"Elevate your space with this the new york press magazine cover features a woman's legs in wall art piece. Perfect for a neutral, minimalist gallery wall. High-resolution digital download — print at home or at a local print shop. Created with the assistance of AI tools, then curated and quality-checked by hand. Digital download — no physical item shipped.","minimalist, aesthetic, wall art, digital download, modern decor, abstract print",https://raw.githubusercontent.com/nguyenhailong253/ai-art-gallery/master/shop/2026-06-30/the_new_york_press_magazine_cover_features_a_woman%27s_legs_in_pink_high_heels_mockup.jpg,12.00,"Created with the assistance of AI tools, then curated and quality-checked by hand. Digital download — no physical item shipped.",standard,6.8
"Minimalist Cute Outfits With Jeans, Cute Jeans, Jean Outfits, Denim Out Art Print — Aesthetic Digital Download","Elevate your space with this Cute Outfits With Jeans, Cute Jeans, Jean Outfits, Denim Out wall art piece. Perfect for a neutral, minimalist gallery wall. High-resolution digital download — print at home or at a local print shop. Created with the assistance of AI tools, then curated and quality-checked by hand. Digital download — no physical item shipped.","minimalist, aesthetic, wall art, digital download, modern decor, abstract print",https://raw.githubusercontent.com/nguyenhailong253/ai-art-gallery/master/shop/2026-07-12/Cute_Outfits_With_Jeans%2C_Cute_Jeans%2C_Jean_Outfits%2C_Denim_Outfits_mockup.jpg,12.00,"Created with the assistance of AI tools, then curated and quality-checked by hand. Digital download — no physical item shipped.",standard,6.79
Minimalist there is a drink with sprinkles on it Art Print — Aesthetic Digital Download,"Elevate your space with this there is a drink with sprinkles on it wall art piece. Perfect for a neutral, minimalist gallery wall. High-resolution digital download — print at home or at a local print shop. Created with the assistance of AI tools, then curated and quality-checked by hand. Digital download — no physical item shipped.","minimalist, aesthetic, wall art, digital download, modern decor, abstract print",https://raw.githubusercontent.com/nguyenhailong253/ai-art-gallery/master/shop/2026-07-02/there_is_a_drink_with_sprinkles_on_it_mockup.jpg,12.00,"Created with the assistance of AI tools, then curated and quality-checked by hand. Digital download — no physical item shipped.",standard,6.78
Minimalist I wasn't planning on buying another hoodie... until I found  Art Print — Aesthetic Digital Download,"Elevate your space with this I wasn't planning on buying another hoodie... until I found  wall art piece. Perfect for a neutral, minimalist gallery wall. High-resolution digital download — print at home or at a local print shop. Created with the assistance of AI tools, then curated and quality-checked by hand. Digital download — no physical item shipped.","minimalist, aesthetic, wall art, digital download, modern decor, abstract print",https://raw.githubusercontent.com/nguyenhailong253/ai-art-gallery/master/shop/2026-06-19/I_wasn%27t_planning_on_buying_another_hoodie..._until_I_found_this_one._%F0%9F%A4%8E_The_over_mockup.jpg,12.00,"Created with the assistance of AI tools, then curated and quality-checked by hand. Digital download — no physical item shipped.",standard,6.75
"Minimalist From black chrome to messy punk details, these edgy nails gr Art Print — Aesthetic Digital Download","Elevate your space with this From black chrome to messy punk details, these edgy nails gr wall art piece. Perfect for a neutral, minimalist gallery wall. High-resolution digital download — print at home or at a local print shop. Created with the assistance of AI tools, then curated and quality-checked by hand. Digital download — no physical item shipped.","minimalist, aesthetic, wall art, digital download, modern decor, abstract print",https://raw.githubusercontent.com/nguyenhailong253/ai-art-gallery/master/shop/2026-07-04/From_black_chrome_to_messy_punk_details%2C_these_edgy_nails_grunge_ideas_are_every_mockup.jpg,12.00,"Created with the assistance of AI tools, then curated and quality-checked by hand. Digital download — no physical item shipped.",standard,6.75
Minimalist there is a drink with sprinkles on it Art Print — Aesthetic Digital Download,"Elevate your space with this there is a drink with sprinkles on it wall art piece. Perfect for a neutral, minimalist gallery wall. High-resolution digital download — print at home or at a local print shop. Created with the assistance of AI tools, then curated and quality-checked by hand. Digital download — no physical item shipped.","minimalist, aesthetic, wall art, digital download, modern decor, abstract print",https://raw.githubusercontent.com/nguyenhailong253/ai-art-gallery/master/shop/2026-07-04/there_is_a_drink_with_sprinkles_on_it_mockup.jpg,12.00,"Created with the assistance of AI tools, then curated and quality-checked by hand. Digital download — no physical item shipped.",standard,6.75
Minimalist a woman taking a selfie with her laptop and pink flowers in  Art Print — Aesthetic Digital Download,"Elevate your space with this a woman taking a selfie with her laptop and pink flowers in  wall art piece. Perfect for a neutral, minimalist gallery wall. High-resolution digital download — print at home or at a local print shop. Created with the assistance of AI tools, then curated and quality-checked by hand. Digital download — no physical item shipped.","minimalist, aesthetic, wall art, digital download, modern decor, abstract print",https://raw.githubusercontent.com/nguyenhailong253/ai-art-gallery/master/shop/2026-07-06/a_woman_taking_a_selfie_with_her_laptop_and_pink_flowers_in_front_of_her_mockup.jpg,12.00,"Created with the assistance of AI tools, then curated and quality-checked by hand. Digital download — no physical item shipped.",standard,6.75
Minimalist Stay warm without sacrificing style 🤍 These cozy kurti outfi Art Print — Aesthetic Digital Download,"Elevate your space with this Stay warm without sacrificing style 🤍 These cozy kurti outfi wall art piece. Perfect for a neutral, minimalist gallery wall. High-resolution digital download — print at home or at a local print shop. Created with the assistance of AI tools, then curated and quality-checked by hand. Digital download — no physical item shipped.","minimalist, aesthetic, wall art, digital download, modern decor, abstract print",https://raw.githubusercontent.com/nguyenhailong253/ai-art-gallery/master/shop/2026-07-10/Stay_warm_without_sacrificing_style_%F0%9F%A4%8D_These_cozy_kurti_outfits_combine_soft_laye_mockup.jpg,12.00,"Created with the assistance of AI tools, then curated and quality-checked by hand. Digital download — no physical item shipped.",standard,6.75
Minimalist This may contain: the sun is setting over the ocean with wav Art Print — Aesthetic Digital Download,"Elevate your space with this This may contain: the sun is setting over the ocean with wav wall art piece. Perfect for a neutral, minimalist gallery wall. High-resolution digital download — print at home or at a local print shop. Created with the assistance of AI tools, then curated and quality-checked by hand. Digital download — no physical item shipped.","minimalist, aesthetic, wall art, digital download, modern decor, abstract print",https://raw.githubusercontent.com/nguyenhailong253/ai-art-gallery/master/shop/2026-07-10/This_may_contain%3A_the_sun_is_setting_over_the_ocean_with_waves_mockup.jpg,12.00,"Created with the assistance of AI tools, then curated and quality-checked by hand. Digital download — no physical item shipped.",standard,6.75
Minimalist Winter Formal Hairstyle Ideas Art Print — Aesthetic Digital Download,"Elevate your space with this Winter Formal Hairstyle Ideas wall art piece. Perfect for a neutral, minimalist gallery wall. High-resolution digital download — print at home or at a local print shop. Created with the assistance of AI tools, then curated and quality-checked by hand. Digital download — no physical item shipped.","minimalist, aesthetic, wall art, digital download, modern decor, abstract print",https://raw.githubusercontent.com/nguyenhailong253/ai-art-gallery/master/shop/2026-07-10/Winter_Formal_Hairstyle_Ideas_mockup.jpg,12.00,"Created with the assistance of AI tools, then curated and quality-checked by hand. Digital download — no physical item shipped.",standard,6.75
"Minimalist Winter Fit Inspiration, Outfits To Wear With Long Boots, Win Art Print — Aesthetic Digital Download","Elevate your space with this Winter Fit Inspiration, Outfits To Wear With Long Boots, Win wall art piece. Perfect for a neutral, minimalist gallery wall. High-resolution digital download — print at home or at a local print shop. Created with the assistance of AI tools, then curated and quality-checked by hand. Digital download — no physical item shipped.","minimalist, aesthetic, wall art, digital download, modern decor, abstract print",https://raw.githubusercontent.com/nguyenhailong253/ai-art-gallery/master/shop/2026-07-11/Winter_Fit_Inspiration%2C_Outfits_To_Wear_With_Long_Boots%2C_Winter_Outfit_Inspo_Wom_mockup.jpg,12.00,"Created with the assistance of AI tools, then curated and quality-checked by hand. Digital download — no physical item shipped.",standard,6.69
"Minimalist Pink Camo Outfit Ideas, Cute Camo Outfits For Women, Pink An Art Print — Aesthetic Digital Download","Elevate your space with this Pink Camo Outfit Ideas, Cute Camo Outfits For Women, Pink An wall art piece. Perfect for a neutral, minimalist gallery wall. High-resolution digital download — print at home or at a local print shop. Created with the assistance of AI tools, then curated and quality-checked by hand. Digital download — no physical item shipped.","minimalist, aesthetic, wall art, digital download, modern decor, abstract print",https://raw.githubusercontent.com/nguyenhailong253/ai-art-gallery/master/shop/2026-06-21/Pink_Camo_Outfit_Ideas%2C_Cute_Camo_Outfits_For_Women%2C_Pink_And_Camo_Outfit%2C_Cute__mockup.jpg,12.00,"Created with the assistance of AI tools, then curated and quality-checked by hand. Digital download — no physical item shipped.",standard,6.49
"Minimalist Chicken Enchilada soup with beans, corn, and chunks of chick Art Print — Aesthetic Digital Download","Elevate your space with this Chicken Enchilada soup with beans, corn, and chunks of chick wall art piece. Perfect for a neutral, minimalist gallery wall. High-resolution digital download — print at home or at a local print shop. Created with the assistance of AI tools, then curated and quality-checked by hand. Digital download — no physical item shipped.","minimalist, aesthetic, wall art, digital download, modern decor, abstract print",https://raw.githubusercontent.com/nguyenhailong253/ai-art-gallery/master/shop/2026-06-20/Chicken_Enchilada_soup_with_beans%2C_corn%2C_and_chunks_of_chicken_in_a_red_broth_mockup.jpg,12.00,"Created with the assistance of AI tools, then curated and quality-checked by hand. Digital download — no physical item shipped.",standard,6.22
Minimalist a person reaching for something in the water with their hand Art Print — Aesthetic Digital Download,"Elevate your space with this a person reaching for something in the water with their hand wall art piece. Perfect for a neutral, minimalist gallery wall. High-resolution digital download — print at home or at a local print shop. Created with the assistance of AI tools, then curated and quality-checked by hand. Digital download — no physical item shipped.","minimalist, aesthetic, wall art, digital download, modern decor, abstract print",https://raw.githubusercontent.com/nguyenhailong253/ai-art-gallery/master/shop/2026-07-09/a_person_reaching_for_something_in_the_water_with_their_hand_on_top_of_some_rock_mockup.jpg,12.00,"Created with the assistance of AI tools, then curated and quality-checked by hand. Digital download — no physical item shipped.",standard,6.02
